,1,3,4,5,6,7,9,10,11,12,15,16,17,18,19,20,21,24,26,27,28,29,30,31,32,33,35,36,37,38,39,40,41,42,44,47,48,49,50,51,52,53,54,55,56,57,58,59,60
1,9.741862122478263,0.0,0.8138294789649222,0.0,0.0,0.0,0.0,0.0,0.0,0.0,0.0,0.0,0.0,4.697183699318108,0.8974669714790567,0.0,0.14235633399116895,0.0,0.0,0.0,0.0,0.0,0.0,0.0,0.0,0.0,0.36184182595431497,0.0,0.19294874670285742,1.907805004437851,0.8639903998837604,0.0,0.0,13.134861877906575,0.0,0.18586508977023294,0.0,0.0,0.0,0.0,0.0,0.0,0.0,0.15731471614330997,0.27140833770278944,0.05551861068006184,0.0,0.0,0.0
3,0.0,0.0,0.0,0.06109204633771054,0.0,0.0,0.0,0.0,0.0,0.0,0.0,0.0,0.0,0.0,0.0,0.0,0.0,0.21919783076791258,0.0,0.0,0.0,0.0,0.0,0.09661820394904547,0.0,0.0,0.11801300534453561,0.0,0.0,0.0,0.32228841160971133,0.0,0.0,0.33462188535534687,0.0,0.0,0.0,0.16957627459013708,0.0,0.0,0.0,0.1477859390512009,0.0,0.19215767841596534,0.0,0.13261181100263478,0.0,0.0,0.0
4,0.0,0.7777999142619286,14.019060476755488,0.2225418921625018,0.30671874941769917,0.11999067606176579,1.2145415239251611,0.0,0.0,0.0,0.16817392626337388,0.0,0.0,1.0489565484188887,13.519608726531356,0.6502940894746881,13.617269702313124,6.707503962207291,0.19963686949203588,0.0,0.0,0.0,3.2155487556186597,0.43307392942400574,0.0,0.0,5.652542486337903,0.35838989161151324,16.00068653542013,3.5133500079841213,2.944679782656933,0.06612611725429647,0.7392892717500463,1.3311521809429336,0.05886267207465107,30.738288720219447,0.0,1.2787978434104401,0.0,0.0,0.0,1.386742706921804,0.0,9.844736957423635,0.0,0.289782696548328,0.0,0.0,2.3133713320676548
5,0.0,0.49017467667785175,0.0,2.2177239846525225,2.6613694630013587,3.1357227739413687,0.0,0.13789758546505,0.0,0.0,1.621366369284112,0.0,0.0,0.0,0.0,0.0,1.5215119768886898,3.990148439083616,1.8801535720460323,0.05598606012231626,0.653566235570469,0.0,0.14940403327438923,3.0540629521444647,1.3412922380749137,0.0,0.11607129227670962,0.43120413165498817,0.8181443968934243,0.0,0.0,0.33465784300475104,4.889017758889437,0.0,0.13710651717815792,1.074450521846456,0.06587441370846717,15.573042211056155,0.0,0.0,0.31721838304372124,17.003293673757025,0.0,0.20625307698240594,0.0,0.0,0.0,0.0,0.0
6,0.0,0.7781954484053747,0.12502474697835173,4.45928789086002,4.7052382127846455,3.9771317699993007,0.37482253738922583,0.2835979808508082,0.0,0.0,1.9441941456348861,0.0,0.0,0.0,0.05666925546099577,0.38719196878426554,1.158159929659399,4.490427215244043,1.7819172738737985,0.4639615502622008,0.24120391220327386,0.0,0.23304152578852386,3.610435661375421,1.0110931435962818,0.0,0.3162115688604041,1.1049066508918006,1.7086715420374734,0.0,0.0,0.6719046367666035,6.182270577360359,0.0,0.08112045705584166,2.152784469828564,0.10941912713693536,15.721834964290673,0.0,0.0,0.6603981889572642,14.770395561055937,0.20797904415380683,0.08385323841055974,0.20625307698240594,0.0,0.0,0.0,0.0
7,0.0,0.19456684092604576,0.28999844244475315,2.187915093296453,2.307006828123114,2.2729908917867547,0.16389496598427583,1.0908472099747644,0.0,0.0,5.24604125982359,0.0,0.26712937742369136,0.0,0.40042438376500566,0.4674134846050026,2.2880931045365127,7.092286768481476,5.6493422555409305,1.2644866989475745,1.0273460011269735,0.0,0.6637422503518534,7.520650245833534,2.8858890258810908,0.0,0.7445390885630574,0.9251543615202794,3.158879500157664,0.0,0.0,1.6897578184508721,7.344098187258985,0.0,1.7327991247876815,4.823646752272627,0.06670143964476342,27.283621596062957,0.0,0.059114375620480365,1.9445537221289277,22.769857866355597,1.2688016168760767,0.24113199690446552,0.0,0.0,0.0,0.0,0.0
9,0.0,0.16073069283670757,19.747042111543372,0.0,0.5785585789133388,0.41034869500056076,0.5492530946489279,2.7666894181062167,0.0,0.0,3.5872789351591257,0.11319468032437481,0.9622626557053985,0.0,30.036898810941413,17.606087708368786,14.925984310027845,3.1834026170513186,4.78689803458155,0.0,0.19647259634446756,0.0,7.179160449441987,12.757594220357865,2.1924817147707842,0.0,1.375272216761869,12.673057786608625,30.044809493810337,5.531688826690437,7.266789241039986,6.067961209904454,8.27601258686725,0.05415222000270281,1.6631132002423707,41.02541263826278,0.0,9.890187426270526,0.0,0.2356664341950294,2.7157374289004865,8.839073418887386,1.7928843569420752,6.453103592672681,0.0,0.05645350956457066,0.0,0.0,0.8446451845043088
10,0.0,0.0,0.7998779109960983,0.0,0.0,0.0,1.1308321161122183,238.45944461249945,0.09866778996508402,0.40161098619534374,0.5995218885159788,0.0,0.0,0.0,1.0973195868675178,3.111954767685203,2.502904102077115,0.0,0.0,0.2958595392976353,0.06670143964476342,0.0,8.26536912264361,81.94496595667962,24.700603851113318,0.0,0.0,15.137415288524453,21.073663628661375,0.0,0.0,254.55326145987644,92.68576753725556,0.0,0.0,16.37058287484098,0.0,0.5643193497492814,0.0,0.0781359721552943,0.0,8.696896873143238,0.0,0.1865482851089125,0.0,0.0,0.0,0.0,0.1112529672565488
11,0.0,0.0,0.0,0.0,0.0,0.0,0.0,41.19067399492441,0.0,2.0852560042475043,0.0,0.0,0.0,0.0,0.0,0.0,0.0,0.0,0.0,0.0,0.0,0.0,0.0,0.5865771347304721,2.267920863220765,0.0,0.0,0.0,0.0,0.0,0.0,25.649598134188572,1.8938534364690272,0.0,0.0,0.0,0.0,0.0,0.0,0.0,0.0,0.05551861068006184,0.0,0.0,0.0,0.0,0.0,0.0,0.0
12,0.0,0.0,0.0,0.0,0.0,0.0,0.0,4.76593472497891,0.0,1.2415097609783001,0.0,0.0,0.0,0.0,0.0,0.0,0.0,0.0,0.0,0.0,0.0,0.0,0.0,0.0,0.0849319678926853,0.0,0.0,0.0,0.0,0.0,0.0,2.1157480909422532,0.0,0.0,0.0,0.0,0.0,0.0,0.0,0.0,0.0,0.0,0.0,0.0,0.0,0.0,0.0,0.0,0.0
15,0.0,0.0,0.0,0.0,0.0,0.0,0.0,41.734209823318075,47.20016806689766,37.53550701769018,67.36769893057357,0.0,0.2424624299324204,0.0,0.07040507753339449,0.0,0.0,0.0,0.7277109086418987,0.9007031599254335,1.4526890359290794,0.07525936020295948,0.0,1.9778864631266073,188.2219698580797,0.0,0.0,0.0,0.3671995157155386,0.0,0.0,7.515364471371118,8.613870660668974,0.0,0.1908632030374147,0.3070423682623369,0.0,1.5647330714725205,0.1835638002083651,219.14047831711292,4.7034762879638405,6.9690239463239285,0.35853372220912993,0.0,0.0,0.0,0.0,8.186226336305001,0.0
16,0.0,0.0,0.0,0.0,0.0,0.0,0.0,0.0,1.8583632365070963,5.795582015667751,1.934126003801714,3.4720346688187127,0.84061792777104,0.0,0.0,0.0,0.0,0.0,0.2518473764269127,0.0,0.13725034777577466,19.306920482836148,0.0,0.0,0.0,6.138797779230699,0.0,0.0,0.0,0.0,0.0,0.0,0.0,0.0,0.11243956968688691,0.0,0.0,0.0,0.0,4.97092928423217,52.78302462869025,0.0,0.21060395256031234,0.0,0.0,0.0,0.0,74.59000855930057,0.0
17,0.0,0.0,0.0,0.0,0.0,0.0,0.0,0.0,0.06159545342936913,0.0672408043858262,0.0,88.09865020276365,32.115826268893784,0.0,0.0,0.0,0.0,0.0,4.644901277084423,0.0,0.0,57.65424335112461,0.0,0.0,0.0,30.474035954748093,0.0,0.0,0.0,0.0,0.0,0.0,0.0,0.0,13.439135507164789,0.0,0.0,0.0,0.0,0.05645350956457066,46.957885425212254,0.0,10.022475618428523,0.0,0.0,0.0,0.0,2.415706802271966,0.0
18,3.9433675372087715,0.14839721909107206,0.6539617697139151,0.0,0.0,0.0,0.0,0.0,0.0,0.0,0.0,0.0,0.0,1.7448089796886794,0.28658246575135554,0.0,0.13940780674002579,0.5248378507034862,0.0,0.0,0.0,0.0,0.0,0.0,0.0,0.0,0.1702954275782208,0.0,0.21236587738111742,0.30959536137003396,0.1608385657849201,0.0,0.0,7.254455767294351,0.0,0.25102035049061644,0.0,0.0,0.0,0.0,0.0,0.0,0.0,0.32530885415966293,1.645853528528362,0.36604887093460464,0.0,0.0,0.0
19,0.0,0.9916400552686175,18.755330140975946,0.44814018452435933,0.21150289379541695,0.0,0.6248720313459293,0.0,0.0,0.0,0.0,0.0,0.0,0.11128892490595299,23.328208246303785,1.300300517754143,16.011545745540197,5.604467109084508,0.0,0.0,0.0,0.0,4.13469818968844,0.37259316312616636,0.0,0.0,4.781180768326285,0.31926796905975985,21.729351365546695,3.5908387424501402,3.9205344298371134,0.0,0.0672408043858262,0.9364810210825977,0.0,41.201461289745666,0.11470490159935057,0.5489654334536944,0.0,0.0,0.0,0.5668363852075744,0.0,9.302567519707333,0.268028318658796,0.24577053367760537,0.0,0.0,1.9979148738447385
20,0.0,0.0,0.3581741457150881,0.0,0.0,0.0,0.22394424048926503,13.785767247421134,0.0,0.0,0.0,0.0,0.0,0.0,0.5649665874385569,7.3155837712814655,0.2414556157491032,0.0,0.0,0.0,0.0,0.0,4.135417342676524,49.42903892286547,0.15472576538620864,0.0,0.0,14.293489257008229,9.712700468811468,0.0,0.0,33.59073713215465,8.875606390682037,0.0,0.0,5.447116435291793,0.0,0.0,0.0,0.0,0.0,0.0,0.0,0.24929438331921552,0.0,0.0,0.0,0.0,0.0
21,0.0,0.0,4.5277512553255885,0.7237196095580343,0.7061363189993877,0.9470166123580239,0.6739182651332377,5.5844746560157805,0.0,0.0,15.412311518219449,1.1291421065902216,5.8691513663487145,0.0,4.702900965573374,12.573059563615587,7.153990094859058,4.263534447503636,18.660150243003066,1.9421805172682516,2.731343048741903,0.21236587738111742,9.277073546279764,31.41939851523352,11.396561232760053,0.0,0.36277672483882384,17.52967770338489,30.256240472306942,0.6806423455718204,0.23354493288018247,9.284444864407623,21.277939034926554,0.0,11.21026465119697,25.887314154399643,0.07310190123870837,40.659004190834125,0.0,1.388900165886055,7.562397076791792,36.28342570778705,6.7253389563117665,2.4691758269359894,0.0,0.0,0.0,0.0,0.19611301985042573
24,0.0,0.20035602248011958,0.38384790738967633,1.6259689484078477,0.9390699718396991,0.5260963684326327,0.24224668403599528,0.0,0.0,0.0,1.668398974704786,0.0,0.0,0.17896122108462942,0.5758257975586207,0.30546023168855274,3.190342443386326,4.600601453018467,1.1500694585434572,0.9904894104876837,0.6959603042180034,0.0,0.0,1.3475129114218378,1.2341384428504423,0.0,0.32969568738697347,0.07493574135832182,0.796318103705084,0.132072446261572,0.0,0.15422235829455005,2.297334220433388,0.45317425544094525,0.11132488255535718,3.4842602696161356,0.14814551554524277,11.93988131525729,0.0,0.0,0.557055904569636,11.627265511337304,0.0,0.2083026629984445,0.0,0.0,0.0,0.0,0.12355048335278011
26,0.0,0.0,0.0,0.0,0.23379663642601173,0.27313430487419027,0.0,0.0,0.0,0.0,1.4658495356110113,118.93664948478093,92.64639391115797,0.0,0.0,0.0,0.0,0.3185847737210803,16.636633522782546,0.0,0.3477464273878744,15.695154388432767,0.0,0.0,0.0,6.895310765045349,0.0,0.0,0.0,0.0,0.0,0.0,0.0,0.0,69.55129910594152,0.0,0.0,0.18295252016849398,0.0,0.2072958488151273,35.7219110546913,0.273278135471807,69.03627769352538,0.0,0.0,0.0,0.0,0.0539364741062777,0.0
27,0.0,0.0,0.18349188490955676,0.0,0.18586508977023294,0.8125709612357757,0.0,15.614896914962628,3.4723223300139456,2.4801069523548613,116.42619427632893,3.770051667080599,10.755292513285815,0.0,0.13991121383168434,0.10995849187799814,1.3452116218599701,0.5468079744894433,21.011816471686178,1.1274161394188207,8.8426332261784,0.6225707417840614,0.6387516840159447,11.69227694146007,77.91292685604014,0.059114375620480365,0.0,0.8635589080909102,3.359307437936592,0.0,0.0,9.639742398170377,22.120462718116016,0.0,18.1243093515819,3.1549241587232038,0.0,12.281263238700625,0.0,62.97166054501551,46.51204653024977,19.95933607362568,11.75901433875424,0.05620180601874137,0.0,0.0,0.0,1.6702687724738037,0.0
28,0.0,0.0,0.0,0.20661265347644778,0.0,0.25407675068997215,0.0,4.549721379111545,11.872244976728018,8.19755299586732,197.77936923911446,0.6127543034967189,1.2872119333710195,0.0,0.0,0.0,0.11844449713738582,0.057172662552654366,4.750113359241069,1.3883248434955882,9.841392896029046,0.0,0.3799644812540243,1.2026754996217803,59.02584788764726,0.0,0.0,0.3673793039625595,0.32559651535489637,0.0,0.0,0.9094049110812462,4.024667782511633,0.0,2.747344202726765,0.21678866825783216,0.0,4.6391480531797535,0.0,173.98723540019787,44.01478777912911,5.861780048220857,0.9733735693712916,0.0,0.0,0.0,0.0,11.638160679106774,0.0
29,0.0,0.0,0.0,0.0,0.0,0.0,0.0,2.488125508171995,110.84434452871965,263.4015759946607,13.108361090295691,0.0,0.0,0.0,0.0,0.0,0.0,0.0,0.0,0.0,0.09269882016398928,0.0,0.0,0.0,3.8519631924233324,0.0,0.0,0.0,0.0,0.0,0.0,0.0,0.0,0.0,0.0,0.0,0.0,0.0,0.25968614399702505,98.81316674162512,0.9269882016398928,0.0,0.0,0.0,0.0,0.0,0.0,334.177700512257,0.0
30,0.0,0.11653874171896401,9.68299945040361,0.0,0.0,0.0,0.0,0.42994561392584163,0.0,0.0,0.0,0.0,0.0,0.0,12.593591381425377,12.616712149992267,0.42437217826819296,0.05835926498299247,0.0,0.0,0.0,0.0,0.9770772072599228,2.6603986064674454,0.0,0.0,0.6649648104315957,7.539276308224902,1.8485467982197537,2.291113547086464,3.064310882224657,0.5879435254078311,0.1279732742294949,0.270365565870068,0.0,1.749411558812415,0.0,0.0,0.0,0.0,0.0,0.0,0.0,2.0812647051636395,0.0,0.0,0.0,0.0,0.13009477554434182
31,0.0,0.0,9.843298651447467,0.0,0.09661820394904547,0.0,0.5606876271594589,35.58394155392744,0.0,0.0,2.182413572937613,0.0,0.33965595627193274,0.0,14.897937343492579,75.50847479803167,7.110553254378802,0.8832277423149995,1.7616012019604341,0.08317004307188021,0.338721057387424,0.0,25.08233025718815,54.81675332134156,9.361645937678409,0.0,0.6266699138161386,71.57024920468771,64.00662956781618,0.6944141252936233,1.019471275907457,49.59325750769439,31.269850651361516,0.0,0.7505440160135562,40.40510722839118,0.0,4.787617187569634,0.0,0.4185110814153108,1.5979938971713916,7.405909386584779,0.234623662362308,7.025261709992074,0.0,0.0,0.0,0.0,0.5947754787946263
32,0.0,0.0,0.8606463384891712,0.0,0.0,0.0,0.7809282297600928,270.74811930207915,3.4399964031995833,3.7109013338107144,2.2144158809073375,0.0,0.0,0.0,0.31365857575270695,2.278456454496191,2.746337388543448,0.1298790296479167,0.4596825899831028,0.33818169264636117,0.0,0.0,4.536057472337955,59.98570138084258,137.22140186800428,0.0,0.0,9.417631997800726,14.20406258294002,0.0,0.0,154.3750344739202,105.83267522771254,0.0,0.15393469709931656,13.902521735036524,0.0,1.4052608963649593,0.0,4.701390744298398,0.20186624375509535,22.011762743967164,0.0,0.22074400969229255,0.0,0.0,0.0,0.0,0.0
33,0.0,0.0,0.0,0.0,0.0,0.0,0.0,0.9297209829946108,101.38471399641483,258.5302493992781,6.113555509348961,0.0,0.0,0.0,0.0,0.0,0.0,0.0,0.0,0.0,0.0,0.0,0.0,0.0,0.913252379567494,0.0,0.0,0.0,0.0,0.0,0.0,0.0,0.0,0.0,0.0,0.0,0.0,0.0,0.0,53.8814589026893,1.00454885140472,0.0,0.0,0.0,0.0,0.0,0.0,430.3831466037918,0.0
35,0.0,0.5041262446466755,0.0,0.48722614942670855,0.520702721022005,0.6117115316639975,0.0,0.1521727722785115,0.0,0.0,0.18859787112495105,0.0,0.0,0.05551861068006184,0.05598606012231626,0.0,0.8593518631106206,1.9051800960313452,0.1405224938715555,0.08281046657783837,0.0,0.0,0.13710651717815792,1.0376298888565705,0.5963216577190062,0.0,0.1588968527170941,0.0,0.7003830950947181,0.0,0.0,0.2977652947160571,0.7123569923463118,0.11035402602144419,0.0,1.5556357861732615,0.059833528608564064,2.4133695550606937,0.0,0.0,0.1127272308821204,3.976700278206451,0.0,0.2766941121652046,0.0,0.21326481861622204,0.0,0.0,0.0
36,0.0,0.0,4.194172141802963,0.0,0.0,0.0,0.0,9.442838310033057,0.0,0.0,0.0,0.0,0.0,0.0,8.441166070580673,46.37565916605969,0.8211288817939718,0.1441901741107824,0.0,0.0,0.0,0.0,9.432554422303461,33.25039798054404,0.7174989362111102,0.0,0.06159545342936913,40.31517714723131,19.722806655844952,0.9355461221980889,1.3289587643292784,20.216541139813817,6.801892791893277,0.0,0.0,10.609735948497674,0.0,0.2782043334401804,0.0,0.0,0.14296761403104008,0.42458792416461805,0.0,2.6780897699743047,0.0,0.0,0.0,0.0,0.20715201821751056
37,0.0,0.06982975514292754,16.745621158126635,0.0,0.0,0.0,0.0,0.0,0.0,0.0,0.0,0.0,0.0,0.0,21.449277234337494,10.567413795148948,0.364358861412608,0.3171464677449129,0.0,0.0,0.0,0.0,0.5283257426956922,0.8152677849410895,0.0,0.0,1.5169093977649541,5.118355646789329,1.507560408919866,5.180778126154994,4.299635927505437,0.06504738777217091,0.0,0.0539364741062777,0.0,2.383488748405816,0.0,0.0,0.0,0.0,0.0,0.0,0.0,3.8334090453307725,0.0,0.0,0.0,0.0,0.36849399109408926
38,0.11704214881062261,0.7356935068096279,7.256037903868135,0.0,0.18820233698150501,0.0,0.0,0.0,0.0,0.0,0.0,0.0,0.0,0.565973401621874,14.796644645120994,0.4838461303827152,3.203574858367066,2.840546429982413,0.0,0.0,0.0,0.0,0.38305683910278426,0.06587441370846717,0.0,0.0,4.109599750404319,0.0,1.7074130243083268,5.6092854341046685,4.984161699212909,0.0,0.0,1.2882547052037407,0.0,3.858651315212511,0.15778216558556438,0.20380795682292135,0.0,0.0,0.0,0.11991876076295743,0.0,4.58704541919309,0.5665846816617451,0.05692095900682507,0.0,0.0,0.9368405975766396
39,0.15472576538620864,0.502076658630637,9.538665445695212,0.2759390015277167,0.5450460496686383,0.0,0.059114375620480365,0.0,0.0,0.0,0.0,0.0,0.0,0.8889090509208607,12.422504885560265,0.18910127821660963,4.594452694970351,2.6792044571058344,0.0,0.0,0.0,0.0,0.5486418146090568,0.09701373809249149,0.0,0.0,4.86654422801182,0.09269882016398928,2.8313053140855375,5.455494567602969,3.942180934778433,0.0,0.16749073092469435,2.4281481489658137,0.0,7.990724596494447,0.460114081775953,0.06695314319059273,0.0,0.0,0.0,0.3983028824501587,0.0,5.943943277109419,0.27363771196584885,0.3952105246013988,0.0,0.0,0.9733376117218874
40,0.0,0.0,1.8864821183411689,0.0,0.0,0.0,0.933244832636221,201.01127872521204,0.12099749024508297,0.20887798538891145,1.50054866728605,0.0,0.09039753060212143,0.0,1.3636219383549129,10.325131153463548,4.518006732337054,0.0539364741062777,0.16065877753789917,0.1405944091703639,0.0,0.0,13.968504021693203,101.19205291090721,24.81059830064072,0.0,0.0,26.737856393406236,37.77426580973397,0.0,0.0,225.36686893029218,96.35405905652232,0.0,0.0,24.14646051614542,0.0,0.6020029663248675,0.0,0.18075910355483868,0.0,10.008524050459698,0.0,0.4438612242452613,0.0,0.0,0.0,0.0,0.05530286478363674
41,0.0,0.0,3.5922410907769033,0.0,0.0,0.0,1.1246474004146985,96.6031017362957,0.0,0.09039753060212143,15.411484492283154,0.0,1.2835802107811969,0.0,4.15015997893224,23.111958942787016,6.153108923693565,0.6739901804320462,7.007282885289983,0.3430359753159262,1.69094442088121,0.0,21.89543974814462,86.66282530440515,32.17429340682499,0.0,0.06109204633771054,44.40622275054307,61.65532291562711,0.0,0.1702954275782208,106.01379390776141,86.44164980292,0.0,1.762967592637793,43.36107771296103,0.0,14.329590737010031,0.0,2.380827882349906,5.4024210770823915,24.986251417980167,0.9049821202045315,1.9498754542407473,0.0,0.0,0.0,0.0,0.2885601364685857
42,5.564266457050628,0.09989035004482631,0.8482409494447274,0.0,0.0,0.0,0.0,0.0,0.0,0.0,0.0,0.0,0.0,2.605563191126063,1.0792688468666167,0.08888730932714564,1.6335200547827267,0.5084411625751778,0.0,0.0,0.0,0.0,0.21060395256031234,0.0,0.0,0.0,1.321695319149633,0.08352961956592207,0.4460905985083208,1.344456511222482,0.7031877917482445,0.0,0.0,8.754249323942913,0.0,1.1343200081044242,0.0,0.13627949124186164,0.0,0.0,0.0,0.16562093315567675,0.0,0.3190881808127389,0.7303358170484043,0.7201238446176157,0.0,0.0,0.0
44,0.0,0.0,0.0,0.0,0.0,0.1531436288124245,0.0,0.0,0.0,0.05458371179555303,0.0,220.1679681488375,53.17273363293281,0.0,0.0,0.0,0.0,0.0,3.208213395140206,0.0,0.0,24.11690332833518,0.0,0.0,0.0,31.979546777651922,0.0,0.0,0.0,0.0,0.0,0.0,0.0,0.0,36.43739636253577,0.0,0.0,0.0,0.0,0.0,6.4438984344252095,0.0,54.44879869498853,0.0,0.0,0.0,0.0,0.1136621297666292,0.0
47,0.0,0.1613060152271745,24.22830012618935,0.0539364741062777,0.0,0.0,0.0,0.0,0.0,0.0,0.1266787988509442,0.0,0.0,0.2172561177000866,40.33168170830783,9.296922168750875,9.25237064113909,1.8433688967055508,0.2644325537183775,0.18496614853512833,0.0,0.0,2.9466214957247594,1.2874636369168488,0.28888375531322336,0.0,2.1343022380348127,4.354183681651587,18.74705988161298,5.339459232975663,7.58677636308783,0.4202370485867117,0.8620127291665302,0.16612434024733533,0.08043726171716215,29.26506786648058,0.0,1.4767806610298835,0.0,0.0,0.08011364287252448,1.6984595696066849,0.0,8.969527770925769,0.0,0.0,0.0,0.0,0.8158790649809607
48,2.2895673681620843,0.2905378071858159,1.0976791633615595,0.35990011288648904,0.26784853041177503,0.18007590821615915,0.0,0.0,0.0,0.0,0.0,0.0,0.0,2.3489694049777983,1.581992743186529,0.0,1.5084593501549706,0.7283581463311741,0.0,0.0,0.0,0.0,0.0,0.0,0.0,0.0,1.715395622476056,0.0,0.16817392626337388,1.0146529508872961,0.5369915362021008,0.0,0.0,6.940509530346411,0.0,1.1437768698977249,0.0,0.05483541534138233,0.0,0.0,0.0,0.10898763534408513,0.0,1.2954462350845777,0.24275009112765386,0.6820806515479878,0.0,0.0,0.1085921012006391
49,0.0,0.0,1.0264830175412731,0.2034843379782837,1.669729407732741,1.7304618775764096,0.5489294758042903,6.649648104315957,0.0,0.0,24.289104511331825,3.2679030931511535,9.904174951888754,0.0,0.9514394032347387,3.528596051331496,3.371245377538781,3.5697675598992875,26.821637716517987,1.678251370641533,2.852987776676261,0.05958182506273477,5.517557470474593,23.72539644162241,20.653786156568707,0.0,0.31290346511521905,7.426980569135631,18.19877764349797,0.0,0.0,9.579261631872537,19.50724054766686,0.0,22.265731621708923,15.28868911956786,0.0,35.91507554729058,0.0,8.921811970166415,16.597655430828414,30.27371588991738,16.74317603796715,0.5522735371988795,0.0,0.0,0.0,0.0,0.08633431621944851
50,0.0,0.0,0.0,0.0,0.0,0.0,0.0,16.54411449086558,0.0,0.7700330619906247,0.0,0.0,0.0,0.0,0.0,0.0,0.0,0.0,0.0,0.0,0.0,0.0,0.0,0.0,0.10722571052328007,0.0,0.0,0.0,0.0,0.0,0.0,10.47755562928789,1.1233529250361478,0.0,0.0,0.0,0.0,0.0,0.0,0.0,0.0,0.0,0.0,0.0,0.0,0.0,0.0,0.0,0.0
51,0.0,0.0,0.0,0.0,0.0,0.0,0.0,245.59322650839337,15.708926168154571,32.26810691412051,0.0,0.0,0.0,0.0,0.0,0.0,0.0,0.0,0.0,0.0,0.0,0.0,0.0,1.437083416087663,70.34664635311269,0.0,0.0,0.0,0.0,0.0,0.0,91.66147793632794,12.863525455502593,0.0,0.0,0.0,0.0,0.0,0.0,5.560814522707827,0.0,2.2588595355709105,0.0,0.0,0.0,0.0,0.0,0.0,0.0
52,0.0,0.0,0.0,0.0,0.0,0.0,0.0,2.4803946135500947,20.8384646439086,30.54735360188323,186.49341373592168,0.11999067606176579,0.37935320121415317,0.0,0.0,0.0,0.0,0.0,0.9265567098470425,0.5284336156439048,4.594452694970351,0.18658424275831667,0.0,0.09115264123960932,13.359633144332136,0.0,0.0,0.0,0.0,0.0,0.0,0.131101589727659,0.20625307698240594,0.0,0.4216753545628791,0.0,0.0,0.565002545087961,0.16432645777712607,203.80205976841907,40.339412602929734,0.09503606737526131,0.2264253182981538,0.0,0.0,0.0,0.0,45.57355188080054,0.0
53,0.0,0.06781612677629316,2.3789221269314846,0.32865291555425213,0.6707180343362653,1.0054477926398246,0.5876918218620019,17.389910320150825,0.0,0.0,25.549276292350896,1.3072403440891507,9.065642567783156,0.0,2.9931147364043706,11.083370106449602,5.822478337422082,2.1773795020210267,24.168898089373634,1.2971362446065746,2.181370801104891,0.06670143964476342,11.702273167994436,40.031615124029905,22.766477847311606,0.0,0.0,20.80948277848883,38.9576320516257,0.0,0.08043726171716215,23.152950663107788,33.99087385472442,0.0,18.777336222411307,27.243564774626694,0.0,35.41943530790329,0.0,4.154906388653592,11.890367632027727,34.659794006590474,11.272902876459062,1.4534801042159715,0.0,0.0,0.0,0.0,0.05666925546099577
54,0.0,0.0,0.0,0.0,0.0,0.0,0.0,0.0,0.0,0.0,0.0,188.96445936062668,23.751969144532108,0.0,0.0,0.0,0.0,0.0,1.7461034550672303,0.0,0.0,47.11282693649489,0.0,0.0,0.0,94.02824637776081,0.0,0.0,0.0,0.0,0.0,0.0,0.0,0.0,9.386924165209551,0.0,0.0,0.0,0.0,0.0,5.702235957814486,0.0,16.80211062534061,0.0,0.0,0.0,0.0,0.0,0.0
55,0.0,0.42915454563894956,0.6453319338569106,1.4426208940959075,1.4777155599143923,0.8511535190464663,0.43102434340796725,0.4869025305820709,0.0,0.0,3.017278276803983,0.0,0.0,0.0,0.5232197564802978,1.4386655526614474,4.19406426885475,6.372306754461477,1.9979508314941428,0.2704374811688764,0.4927995850843573,0.0,1.6370439044243366,5.123857167148169,1.032308156744751,0.0,0.8855649895262715,1.9014045428439057,6.510563916420568,0.0,0.0,1.4194282102302083,7.076645190990655,0.05738840844907948,0.3567717973883249,6.1872686906275405,0.20445519451219668,21.667648039169112,0.0,0.0,0.7946280941830873,18.231750808001607,0.5779472988734676,0.3707952806559571,0.0,0.05620180601874137,0.0,0.0,0.0
56,0.07910682868920729,0.33178123105241625,1.0109852706480693,0.07845959099993197,0.3372467937618524,0.07910682868920729,0.0,0.0,0.0,0.0,0.0539364741062777,0.0,0.0,0.6812895832610958,0.6231101065251242,0.0,1.1612163298587548,1.6059764953391207,0.0,0.0,0.0,0.0,0.0,0.0,0.0,0.0,1.3246438464007761,0.0,0.2584995415666869,0.7322415724668261,0.32444587057396246,0.0,0.1968681304879136,2.0942094589491465,0.0,2.389565591155123,0.05415222000270281,0.13239606510620966,0.0,0.0,0.0,0.7601087507550696,0.0,1.23798591133669,0.0652990913180002,0.6227145723816782,0.0,0.0,0.373492104361271
57,3.9953982558966272,0.1194872689701072,0.30783343654922896,0.0,0.0,0.0,0.0,0.0,0.0,0.0,0.0,0.0,0.0,1.0375939312071663,0.0,0.0,0.2736017543164447,0.0,0.0,0.0,0.0,0.0,0.0,0.0,0.0,0.0,0.3289046191000814,0.0,0.0,0.20600137343657662,0.0,0.0,0.0,4.237177490490368,0.0,0.278132418141372,0.23221449985222758,0.0,0.0,0.0,0.0,0.0,0.0,0.1477859390512009,0.8528794862178672,0.24609415252224306,0.0,0.0,0.0
58,1.0407222467053303,0.357383077428196,0.8195467452201876,0.0,0.05436796589912792,0.0,0.0,0.0,0.0,0.0,0.0,0.0,0.0,1.4142503087160054,0.16831775686099062,0.0,0.05789181554073807,0.7601806660538779,0.0,0.0,0.0,0.0,0.0,0.0,0.0,0.0,1.1536292658344716,0.0,0.0,0.7267400521079858,0.21729207534949077,0.0,0.0,3.0944433924253643,0.0,0.0,0.40980933025949795,0.0,0.0,0.0,0.0,0.0,0.0,0.20449115216160085,0.8211648394433759,0.21671675295902382,0.0,0.0,0.0
59,0.0,0.0,0.0,0.0,0.0,0.0,0.0,15.460135191927016,0.6029738228587805,12.736487080157607,0.0,0.0,0.0,0.0,0.0,0.0,0.0,0.0,0.0,0.0,0.0,0.0,0.0,0.0,0.074000842473813,0.0,0.0,0.0,0.0,0.0,0.0,5.678935401000575,0.38575366280809814,0.0,0.0,0.0,0.0,0.0,0.0,0.0,0.0,0.0,0.0,0.0,0.0,0.0,0.0,0.0,0.0
60,0.0,0.0,0.27468048379857024,1.2493485285484125,1.1318389302955354,1.3823918313438974,0.17809823749892897,0.6251237348917585,0.0,0.0,2.4045239733072643,0.0,0.0,0.2150267434370271,0.29762146411844037,0.8546414110386723,3.5277690253951994,6.643715092164267,2.56025655287679,1.9596199772292815,0.5456213720591052,0.0,1.159526320336758,5.672858558251268,2.84266793129726,0.0,0.34335959416056383,2.0040636318928544,3.9851862834658385,0.0,0.0,1.205156577430669,7.242517827692161,0.057172662552654366,0.30729407180816615,5.676274534944665,0.06641377844952993,24.553644937998413,0.0,0.0,0.6783770136593568,23.410695094036985,0.0,0.28496437152816717,0.0,0.05620180601874137,0.0,0.0,0.36266885189061127
